{
  "test_auc": 0.5280258145070181,
  "test_accuracy": 0.5185714285714286,
  "test_f1": 0.5741364785172705,
  "test_mcc": 0.022379068517382368,
  "val_auc": 0.5310395562896976,
  "backtesting": {
    "strategy": {
      "total_return_pct": 27.06,
      "sharpe_ratio": 2.558,
      "max_drawdown_pct": -5.04,
      "hit_rate_pct": 21.74
    },
    "buy_hold": {
      "total_return_pct": 37.68,
      "sharpe_ratio": 1.827
    },
    "alpha": -10.62,
    "n_trades": 1609,
    "n_dates": 280
  },
  "n_train": 19559,
  "n_test": 4200,
  "tickers": [
    "ACS.MC",
    "AMS.MC",
    "BBVA.MC",
    "CABK.MC",
    "CLNX.MC",
    "ENG.MC",
    "FER.MC",
    "GRF.MC",
    "IAG.MC",
    "IBE.MC",
    "ITX.MC",
    "REP.MC",
    "SAN.MC",
    "TEF.MC",
    "^IBEX"
  ],
  "feature_cols": [
    "ret_1d",
    "ret_3d",
    "ret_5d",
    "ret_20d",
    "vol_20d",
    "vol_ratio",
    "gap_open",
    "high_low_range",
    "price_vs_ema20",
    "price_vs_ema200",
    "ema20_vs_ema50",
    "golden_cross",
    "rsi_14",
    "macd",
    "macd_hist",
    "bb_width",
    "bb_position",
    "atr_pct",
    "stoch_k",
    "stoch_d",
    "obv_slope",
    "dist_52w_high",
    "dist_52w_low",
    "sentiment_daily",
    "sentiment_7d",
    "sentiment_30d",
    "sentiment_momentum",
    "n_articles",
    "tension_score",
    "tension_7d",
    "tension_30d",
    "tension_delta_1d",
    "extreme_event",
    "WTI_ret_1d",
    "EURUSD_ret_1d",
    "VIX_ret_1d",
    "TNX_ret_1d",
    "ret_1d_lag1",
    "ret_1d_lag3",
    "ret_1d_lag5",
    "rsi_14_lag1",
    "rsi_14_lag3",
    "rsi_14_lag5",
    "macd_lag1",
    "macd_lag3",
    "macd_lag5",
    "bb_position_lag1",
    "bb_position_lag3",
    "bb_position_lag5",
    "sentiment_daily_lag1",
    "sentiment_daily_lag3",
    "sentiment_daily_lag5",
    "tension_score_lag1",
    "tension_score_lag3",
    "tension_score_lag5"
  ],
  "feature_importance": {
    "VIX_ret_1d": 0.16241772092062298,
    "price_vs_ema200": 0.08445158495815601,
    "WTI_ret_1d": 0.08383125834566856,
    "TNX_ret_1d": 0.07283025467547158,
    "EURUSD_ret_1d": 0.06469848634824639,
    "macd_lag1": 0.05931376716851247,
    "ret_1d": 0.05879589197134769,
    "ema20_vs_ema50": 0.04547235175588085,
    "gap_open": 0.041841066295237886,
    "ret_3d": 0.039537663172059916,
    "rsi_14": 0.03464111122089991,
    "ret_20d": 0.03283140706948886,
    "rsi_14_lag3": 0.029593436962616286,
    "rsi_14_lag5": 0.029485707791630983,
    "high_low_range": 0.02807534673711479,
    "ret_1d_lag1": 0.025237387839266972,
    "macd_lag3": 0.02498484596708238,
    "ret_1d_lag5": 0.023730511275449142,
    "bb_position_lag1": 0.023589049353651904,
    "dist_52w_low": 0.02323947907133727
  },
  "top_features": [
    "VIX_ret_1d",
    "price_vs_ema200",
    "WTI_ret_1d",
    "TNX_ret_1d",
    "EURUSD_ret_1d",
    "macd_lag1",
    "ret_1d",
    "ema20_vs_ema50",
    "gap_open",
    "ret_3d"
  ]
}